{
    "DormitoryEntrustment": {
        "next": [
            "CloseEntrustment",
            "CompleteEntrustment",
            "StartEntrustment",
            "OpenEntrustment",
            "OpenDormitory"
        ]
    },
    "CompleteEntrustment": {
        "recognition": "OCR",
        "roi": [
            282,
            649,
            112,
            36
        ],
        "expected": "领取奖励",
        "action": "Click",
        "next": [
            "DormitoryEntrustment"
        ]
    },
    "CloseEntrustment": {
        "recognition": "OCR",
        "expected": "委托完成",
        "roi": [
            256,
            66,
            202,
            63
        ],
        "action": "Click",
        "target": [
            1200,
            700,
            0,
            0
        ],
        "next": [
            "DormitoryEntrustment"
        ]
    },
    "StartEntrustment": {
        "recognition": "OCR",
        "roi": [
            21,
            67,
            146,
            46
        ],
        "expected": "委托系统",
        "next": [
            "NotificationN",
            "NotificationY",
            "Dispatch",
            "ConfirmDispatch",
            "GetEntrustment",
            "ChooseEntrustment",
            "BackToMain"
        ]
    },
    "NotificationN": {
        "recognition": "OCR",
        "expected": "队伍已达上限",
        "action": "Click",
        "next": [
            "Tap"
        ]
    },
    "NotificationY": {
        "is_sub": true,
        "recognition": "OCR",
        "expected": "委托已接取",
        "action": "Click"
    },
    "GetEntrustment": {
        "is_sub": true,
        "recognition": "OCR",
        "roi": [
            793,
            636,
            92,
            36
        ],
        "expected": "花费时间",
        "action": "Click",
        "target": [
            1085,
            632,
            86,
            31
        ]
    },
    "Dispatch": {
        "is_sub": true,
        "recognition": "OCR",
        "roi": [
            734,
            632,
            110,
            38
        ],
        "expected": "一键派遣",
        "action": "Click"
    },
    "ChooseEntrustment": {
        "is_sub": true,
        "recognition": "TemplateMatch",
        "roi": [
            226,
            115,
            845,
            329
        ],
        "template": [
            "DormitoryEntrustment/Sp_A.png",
            "DormitoryEntrustment/Class_S.png",
            "DormitoryEntrustment/Class_A.png",
            "DormitoryEntrustment/Class_B.png",
            "DormitoryEntrustment/Class_C.png"
        ],
        "action": "Click"
    },
    "OpenDormitory": {
        "is_sub": true,
        "recognition": "OCR",
        "roi": [
            867,
            389,
            53,
            37
        ],
        "expected": "宿舍",
        "action": "Click"
    },
    "OpenEntrustment": {
        "is_sub": true,
        "recognition": "OCR",
        "roi": [
            1163,
            660,
            50,
            29
        ],
        "expected": "委托",
        "action": "Click"
    },
    "ConfirmDispatch": {
        "is_sub": true,
        "recognition": "OCR",
        "roi": [
            916,
            631,
            163,
            41
        ],
        "expected": "确认",
        "action": "Click"
    }
}