{
    "Mail": {
        "next": [
            "CheckReceiveALL",
            "OpenMail",
            "BackToMain_sub"
        ]
    },
    "CheckReceiveALL": {
        "recognition": "OCR",
        "roi": [
            212,
            612,
            207,
            55
        ],
        "expected": "领取全部",
        "action": "Click",
        "target_offset": [
            1,
            1,
            0,
            0
        ],
        "next": [
            "BackToMain"
        ]
    },
    "OpenMail": {
        "is_sub": true,
        "recognition": "OCR",
        "expected": "邮件",
        "roi": [
            125,
            445,
            50,
            27
        ],
        "action": "Click"
    }
}