{
    "Mission": {
        "next": [
            "CompleteMission",
            "OpenMission",
            "DailyActivity"
        ]
    },
    "OpenMission": {
        "is_sub": true,
        "post_delay": 5000,
        "recognition": "OCR",
        "roi": [
            900,
            250,
            50,
            30
        ],
        "expected": "任务",
        "action": "Click"
    },
    "CompleteMission": {
        "pre_delay": 2000,
        "recognition": "OCR",
        "roi": [
            1072,
            128,
            112,
            40
        ],
        "expected": [
            "一键领取",
            "键领取"
        ],
        "action": "Click",
        "next": [
            "CloseAward",
            "Mission"
        ]
    },
    "DailyActivity": {
        "pre_delay": 2000,
        "action": "Click",
        "target": [
            1194,
            630,
            0,
            0
        ],
        "next": [
            "CloseAward",
            "BackToMain"
        ]
    }
}