{
    "DailySupply": {
        "next": [
            "ReceiveWeeklySupply",
            "BackToMain_sub"
        ]
    },
    "ReceiveDaliySupply": {
        "next": [
            "DaliySupplyReceived",
            "ConfirmDaliySupply",
            "OpenShop"
        ]
    },
    "ReceiveWeeklySupply": {
        "next": [
            "WeeklySupplyReceived",
            "ConfirmWeekliySupply",
            "OpenShop"
        ]
    },
    "OpenShop": {
        "is_sub": true,
        "next": [
            "OpenShop4",
            "OpenShop3",
            "OpenShop2",
            "OpenShop1"
        ]
    },
    "ConfirmDaliySupply": {
        "recognition": "OCR",
        "roi": [
            353,
            353,
            121,
            31
        ],
        "expected": "每日血清补给包",
        "action": "Click",
        "target": [
            353,
            353,
            121,
            31
        ],
        "next": [
            "ConfirmAndClose"
        ]
    },
    "ConfirmWeekliySupply": {
        "is_sub": true,
        "recognition": "OCR",
        "roi": [
            353,
            353,
            121,
            31
        ],
        "expected": "每周限购补给包",
        "action": "Click",
        "target": [
            353,
            353,
            121,
            31
        ],
        "next": [
            "ConfirmAndClose",
            "BackToMain_sub",
            "DailySupply"
        ]
    },
    "ConfirmAndClose": {
        "is_sub": true,
        "recognition": "OCR",
        "roi": [
            598,
            641,
            94,
            33
        ],
        "expected": "免费购买",
        "action": "Click",
        "target": [
            598,
            641,
            94,
            33
        ],
        "times_limit": 10,
        "next": [
            "CloseAward",
            "BackToMain"
        ]
    },
    "DaliySupplyReceived": {
        "recognition": "OCR",
        "roi": [
            588,
            350,
            142,
            290
        ],
        "expected": "每日血清补给包",
        "next": [
            "BackToMain"
        ]
    },
    "WeeklySupplyReceived": {
        "recognition": "OCR",
        "roi": [
            588,
            350,
            142,
            290
        ],
        "expected": "每周限购补给包",
        "next": [
            "ReceiveDaliySupply"
        ]
    },
    "OpenShop4": {
        "recognition": "TemplateMatch",
        "roi": [
            1,
            244,
            180,
            60
        ],
        "template": "Supply/日常补给包_选中.png"
    },
    "OpenShop3": {
        "is_sub": true,
        "recognition": "TemplateMatch",
        "roi": [
            18,
            248,
            134,
            50
        ],
        "template": "Supply/185830_18_248_134_50__0_198_234_150.png",
        "action": "Click",
        "target": [
            1,
            244,
            180,
            60
        ]
    },
    "OpenShop2": {
        "is_sub": true,
        "recognition": "TemplateMatch",
        "roi": [
            490,
            89,
            111,
            35
        ],
        "template": "Supply/补给包_非选中.png",
        "action": "Click",
        "target": [
            490,
            89,
            111,
            35
        ]
    },
    "OpenShop1": {
        "is_sub": true,
        "recognition": "OCR",
        "roi": [
            975,
            306,
            75,
            60
        ],
        "expected": "采购",
        "action": "Click"
    }
}