{
    "StartUp": {
        "next": [
            "CheckMain",
            "EnterGame",
            "StartApp"
        ]
    },
    "EnterGame": {
        "is_sub": true,
        "recognition": "OCR",
        "roi": [
            530,
            626,
            218,
            30
        ],
        "expected": "点击任意处进入游戏",
        "action": "Click"
    },
    "CheckMain": {
        "recognition": "OCR",
        "roi": [
            1074,
            309,
            95,
            52
        ],
        "expected": "战斗",
        "next": [
            "CheckMain2",
            "CloseNotify",
            "CloseAward"
        ]
    },
    "CloseNotify": {
        "is_sub": true,
        "recognition": "OCR",
        "expected": "点击空白处关闭",
        "action": "Click",
        "target": [
            616,
            30,
            0,
            0
        ]
    },
    "CheckMain2": {
        "recognition": "OCR",
        "roi": [
            1074,
            309,
            95,
            52
        ],
        "expected": "战斗"
    },
    "StartApp": {
        "is_sub": true,
        "action": "StartApp",
        "package": "com.kurogame.haru.bilibili/com.haru.herousdk.SplashActivity"
    }
}